{
    "providers":
    [
        {
            "type": "bitmap",
            "file": "minecraft:input/0.png",
            "height": 9,
            "ascent": 8,
            "chars": ["\uE000"]
        },
        {
            "type": "bitmap",
            "file": "minecraft:input/1.png",
            "height": 9,
            "ascent": 8,
            "chars": ["\uE001"]
        },
        {
            "type": "bitmap",
            "file": "minecraft:input/2.png",
            "height": 9,
            "ascent": 8,
            "chars": ["\uE002"]
        },
        {
            "type": "bitmap",
            "file": "minecraft:input/3.png",
            "height": 9,
            "ascent": 8,
            "chars": ["\uE003"]
        },
        {
            "type": "bitmap",
            "file": "minecraft:input/4.png",
            "height": 9,
            "ascent": 8,
            "chars": ["\uE004"]
        },
        {
            "type": "bitmap",
            "file": "minecraft:input/5.png",
            "height": 9,
            "ascent": 8,
            "chars": ["\uE005"]
        },
        {
            "type": "bitmap",
            "file": "minecraft:input/6.png",
            "height": 9,
            "ascent": 8,
            "chars": ["\uE006"]
        },
        {
            "type": "bitmap",
            "file": "minecraft:input/7.png",
            "height": 9,
            "ascent": 8,
            "chars": ["\uE007"]
        },
        {
            "type": "bitmap",
            "file": "minecraft:input/8.png",
            "height": 9,
            "ascent": 8,
            "chars": ["\uE008"]
        },
        {
            "type": "bitmap",
            "file": "minecraft:input/9.png",
            "height": 9,
            "ascent": 8,
            "chars": ["\uE009"]
        },
        {
            "type": "bitmap",
            "file": "minecraft:input/lmb.png",
            "height": 9,
            "ascent": 8,
            "chars": ["\uE010"]
        },
        {
            "type": "bitmap",
            "file": "minecraft:input/rmb.png",
            "height": 9,
            "ascent": 8,
            "chars": ["\uE011"]
        },
        {
            "type": "bitmap",
            "file": "minecraft:input/space.png",
            "height": 9,
            "ascent": 8,
            "chars": ["\uE012"]
        },
        {
            "type": "bitmap",
            "file": "minecraft:input/sneak.png",
            "height": 9,
            "ascent": 8,
            "chars": ["\uE013"]
        },
        {
            "type": "bitmap",
            "file": "minecraft:input/drop.png",
            "height": 9,
            "ascent": 8,
            "chars": ["\uE014"]
        },
        {
            "type": "bitmap",
            "file": "minecraft:input/any.png",
            "height": 9,
            "ascent": 8,
            "chars": ["\uE015"]
        },
        {
            "type": "bitmap",
            "file": "minecraft:input/offhand.png",
            "height": 9,
            "ascent": 8,
            "chars": ["\uE016"]
        },
        {
            "type": "bitmap",
            "file": "minecraft:gui/sprites/ui/white_pixel.png",
            "height": 4096,
            "ascent": 2048,
            "chars": ["\uE100"]
        },
        {
            "type": "bitmap",
            "file": "minecraft:logo/timeisgoldlogo.png",
            "height": 256,
            "ascent": 256,
            "chars": ["\uE101"]
        },
        {
            "type": "bitmap",
            "file": "minecraft:logo/teambtymlogo.png",
            "height": 256,
            "ascent": 256,
            "chars": ["\uE102"]
        },
        {
            "type": "bitmap",
            "file": "minecraft:image/play-text.png",
            "height": 99,
            "ascent": 99,
            "chars": ["\uE103"]
        },
        {
            "type": "bitmap",
            "file": "minecraft:image/credits-text.png",
            "height": 59,
            "ascent": 59,
            "chars": ["\uE104"]
        },
        {
            "type": "bitmap",
            "file": "minecraft:image/tutorial-text.png",
            "height": 52,
            "ascent": 52,
            "chars": ["\uE105"]
        }
    ]
}